,roc_auc,f1,precision,recall,accuracy,threshold
r_detect_competition,0.4769415609381007,0.6673215455140799,0.5009832841691249,0.9990196078431373,0.5019607843137255,5.960464477539063e-08
r_detect_mix_v16,0.45371491733948477,0.6666666666666666,0.5,1.0,0.5,0.0
r_detect_mix_v26,0.5466791618608227,0.6710963455149501,0.507537688442211,0.9901960784313726,0.5147058823529411,5.960464477539063e-08
r_detect_transfer,0.5577470203767783,0.6666666666666666,0.5,1.0,0.5,0.0
