,roc_auc,f1,precision,recall,accuracy,threshold
ranking,0.5067152056901192,0.6732673267326733,0.5074626865671642,1.0,0.5147058823529411,-0.2147216796875
embedding_knn,0.9884659746251441,0.978786383818451,0.9851042701092354,0.9725490196078431,0.9789215686274509,0.3813205912709236
